checkout_id,store_id,customer_id,total_price,created_at
1,1,1,22.53,2026-03-27 07:15:16.865081
2,1,2,21.95,2026-03-27 07:24:20.539249
3,1,3,9.25,2026-03-27 07:24:39.927666
4,1,4,15.06,2026-03-27 07:26:00.719219
5,1,5,29.24,2026-03-27 07:30:30.671661
6,1,6,38.42,2026-03-27 07:28:03.799125
7,1,8,33.89,2026-03-27 07:36:01.332043
8,1,9,14.44,2026-03-27 07:32:48.383347
9,1,10,24.61,2026-03-27 07:45:35.392741
10,1,11,27.21,2026-03-27 07:49:38.308419
11,1,12,54.26,2026-03-27 08:02:40.884900
12,1,13,23.96,2026-03-27 07:52:03.003406
13,1,14,14.48,2026-03-27 08:03:55.636503
14,1,15,45.5,2026-03-27 08:23:30.858847
15,1,16,8.98,2026-03-27 08:00:16.773852
16,1,17,25.05,2026-03-27 08:01:54.692749
17,1,18,49.28,2026-03-27 08:30:33.907956
18,1,19,32.73,2026-03-27 08:06:40.108395
19,1,20,19.46,2026-03-27 08:16:39.598537
20,1,21,12.46,2026-03-27 08:14:17.099605
21,1,22,9.47,2026-03-27 08:13:12.675289
22,1,24,48.34,2026-03-27 08:36:20.060068
23,1,25,43.97,2026-03-27 08:26:47.308077
24,1,26,46.42,2026-03-27 08:22:55.551244
25,1,28,43.68,2026-03-27 08:45:02.371889
26,1,29,36.99,2026-03-27 08:34:51.875581
27,1,30,60.99,2026-03-27 08:40:09.244712
28,1,31,8.46,2026-03-27 08:24:41.928733
29,1,32,32.19,2026-03-27 08:27:44.315069
30,1,33,33.72,2026-03-27 08:57:07.046340
31,1,34,55.29,2026-03-27 08:42:44.139864
32,1,35,12.98,2026-03-27 08:26:58.049468
33,1,36,63.96,2026-03-27 08:39:23.320349
34,1,37,36.45,2026-03-27 08:24:02.549185
35,1,38,23.63,2026-03-27 08:46:01.791473
36,1,39,63.51,2026-03-27 08:53:11.697767
37,1,40,69.34,2026-03-27 08:57:38.690581
38,1,41,51.32,2026-03-27 08:58:36.959565
39,1,42,43.49,2026-03-27 08:46:32.718492
40,1,43,37.92,2026-03-27 08:40:40.312074
41,1,44,42.49,2026-03-27 08:43:36.729021
42,1,45,47.61,2026-03-27 08:44:24.179923
43,1,46,65.81,2026-03-27 09:04:02.410609
44,1,47,15.36,2026-03-27 08:37:50.662805
45,1,48,18.45,2026-03-27 08:40:44.844751
46,1,49,27.92,2026-03-27 08:57:54.252061
47,1,50,6.58,2026-03-27 08:43:18.420286
48,1,51,15.26,2026-03-27 08:41:26.370684
49,1,52,27.76,2026-03-27 08:43:06.755984
50,1,53,27.03,2026-03-27 08:38:01.115368
51,1,54,36.03,2026-03-27 08:55:40.443261
52,1,55,16.47,2026-03-27 08:49:51.769352
53,1,56,25.94,2026-03-27 08:49:04.968067
54,1,57,16.54,2026-03-27 08:57:38.591471
55,1,59,23.22,2026-03-27 09:14:32.433476
56,1,60,51.98,2026-03-27 09:04:10.821605
57,1,61,15.56,2026-03-27 09:10:38.454243
58,1,62,9.97,2026-03-27 09:00:29.185633
59,1,63,11.06,2026-03-27 09:06:41.411568
60,1,64,20.24,2026-03-27 09:09:37.609181
61,1,65,33.52,2026-03-27 09:11:50.152989
62,1,66,13.33,2026-03-27 09:00:00.907838
63,1,67,22.54,2026-03-27 09:08:13.689147
64,1,68,28.73,2026-03-27 09:09:18.202919
65,1,69,13.13,2026-03-27 09:06:34.498864
66,1,70,78.87,2026-03-27 09:31:31.790139
67,1,71,22.55,2026-03-27 09:11:13.620369
68,1,72,58.95,2026-03-27 09:29:59.196422
69,1,74,62.55,2026-03-27 09:47:16.083517
70,1,75,10.57,2026-03-27 09:15:32.251520
71,1,76,52.84,2026-03-27 09:44:49.100559
72,1,77,28.73,2026-03-27 09:19:38.152152
73,1,78,25.11,2026-03-27 09:21:09.149670
74,1,79,7.88,2026-03-27 09:15:59.969783
75,1,80,25.33,2026-03-27 09:18:00.396308
76,1,81,34.51,2026-03-27 09:25:27.940119
77,1,82,35.6,2026-03-27 09:25:10.157890
78,1,83,21.95,2026-03-27 09:24:26.634934
79,1,84,23.73,2026-03-27 09:25:38.935690
80,1,85,17.83,2026-03-27 09:35:30.219576
81,1,86,13.53,2026-03-27 09:27:33.324700
82,1,87,25.83,2026-03-27 09:32:29.519023
83,1,88,35.71,2026-03-27 09:32:08.586502
84,1,89,31.4,2026-03-27 09:53:20.393730
85,1,90,26.54,2026-03-27 09:38:52.714881
86,1,91,35.32,2026-03-27 09:37:06.822402
87,1,92,32.7,2026-03-27 09:34:51.013904
88,1,93,33.49,2026-03-27 09:36:10.873218
89,1,94,10.13,2026-03-27 09:27:13.980604
90,1,95,42.3,2026-03-27 09:49:13.988944
91,1,96,30.2,2026-03-27 09:40:57.819197
92,1,97,43.0,2026-03-27 09:55:53.670924
93,1,98,55.47,2026-03-27 09:58:52.045702
94,1,99,45.69,2026-03-27 09:48:11.994954
95,1,100,47.26,2026-03-27 09:59:15.292616
96,1,101,35.3,2026-03-27 09:40:07.235780
97,1,102,28.11,2026-03-27 09:43:58.641260
98,1,103,25.73,2026-03-27 09:43:30.112462
99,1,104,38.29,2026-03-27 09:56:16.015360
100,1,105,16.41,2026-03-27 09:36:02.501200
101,1,106,17.54,2026-03-27 09:55:20.436372
102,1,107,67.84,2026-03-27 10:12:44.505886
103,1,109,30.96,2026-03-27 09:38:44.277852
104,1,110,68.72,2026-03-27 10:09:20.272537
105,1,111,47.19,2026-03-27 10:07:03.576333
106,1,112,50.98,2026-03-27 09:57:17.249084
107,1,113,7.78,2026-03-27 09:52:41.470896
108,1,114,14.45,2026-03-27 09:49:53.237143
109,1,115,22.72,2026-03-27 10:06:52.647923
110,1,116,62.27,2026-03-27 10:01:30.760758
111,1,117,33.79,2026-03-27 10:01:16.475602
112,1,118,28.72,2026-03-27 10:05:25.595494
113,1,119,28.22,2026-03-27 10:08:35.554556
114,1,120,14.46,2026-03-27 09:52:33.647361
115,1,121,65.04,2026-03-27 10:19:28.647784
116,1,122,35.79,2026-03-27 10:19:57.809463
117,1,123,30.12,2026-03-27 10:12:53.149263
118,1,124,34.01,2026-03-27 10:23:09.099272
119,1,125,42.28,2026-03-27 10:08:55.650807
120,1,126,63.89,2026-03-27 10:14:36.297464
121,1,127,7.78,2026-03-27 10:02:11.616885
122,1,128,46.18,2026-03-27 10:13:45.025722
123,1,129,20.23,2026-03-27 10:18:04.083839
124,1,130,75.6,2026-03-27 10:28:22.898124
125,1,131,41.68,2026-03-27 10:16:08.855070
126,1,132,18.44,2026-03-27 10:08:49.373217
127,1,133,5.99,2026-03-27 10:01:21.021178
128,1,134,57.16,2026-03-27 10:17:05.358595
129,1,135,39.7,2026-03-27 10:21:57.720088
130,1,136,8.98,2026-03-27 09:59:39.181218
131,1,137,26.32,2026-03-27 10:08:18.942523
132,1,138,9.48,2026-03-27 09:59:07.191388
133,1,139,28.41,2026-03-27 10:42:11.770929
134,1,140,35.21,2026-03-27 10:26:32.433173
135,1,141,16.47,2026-03-27 10:19:21.163484
136,1,142,37.7,2026-03-27 10:30:42.941087
137,1,143,48.39,2026-03-27 10:17:20.578946
138,1,144,11.56,2026-03-27 10:17:57.713305
139,1,145,68.78,2026-03-27 10:46:12.405390
140,1,146,59.97,2026-03-27 10:30:44.574298
141,1,148,7.97,2026-03-27 10:21:03.208213
142,1,150,80.9,2026-03-27 11:01:29.671178
143,1,151,37.21,2026-03-27 10:28:53.984304
144,1,152,18.34,2026-03-27 10:29:18.440805
145,1,153,3.49,2026-03-27 10:17:39.181589
146,1,154,21.44,2026-03-27 10:24:54.093065
147,1,155,29.0,2026-03-27 10:46:49.546010
148,1,156,75.48,2026-03-27 11:05:34.565205
149,1,157,9.47,2026-03-27 10:35:30.180606
150,1,158,29.9,2026-03-27 10:43:46.190958
151,1,159,50.55,2026-03-27 10:54:46.429678
152,1,160,42.21,2026-03-27 10:40:31.162851
153,1,161,24.62,2026-03-27 10:43:48.585485
154,1,162,30.21,2026-03-27 10:59:16.444370
155,1,163,15.97,2026-03-27 10:35:37.531850
156,1,164,23.51,2026-03-27 10:46:10.547883
157,1,165,35.81,2026-03-27 10:48:10.037600
158,1,166,35.4,2026-03-27 10:45:50.966559
159,1,167,75.67,2026-03-27 11:21:55.937920
160,1,168,19.8,2026-03-27 10:40:32.055292
161,1,170,19.94,2026-03-27 10:59:45.699973
162,1,171,50.68,2026-03-27 11:13:54.948086
163,1,172,11.48,2026-03-27 10:45:55.530574
164,1,173,28.1,2026-03-27 11:01:33.742500
165,1,174,14.97,2026-03-27 10:50:03.351136
166,1,175,73.23,2026-03-27 11:19:26.596155
167,1,176,73.79,2026-03-27 11:21:37.166026
168,1,177,30.91,2026-03-27 11:06:27.211430
169,1,178,30.34,2026-03-27 10:53:13.547723
170,1,179,29.1,2026-03-27 10:57:37.089274
171,1,180,8.97,2026-03-27 10:49:20.829280
172,1,181,56.01,2026-03-27 11:24:36.594408
173,1,182,31.72,2026-03-27 10:55:37.878279
174,1,183,49.53,2026-03-27 11:20:15.982008
175,1,184,17.13,2026-03-27 11:02:55.476170
176,1,185,25.44,2026-03-27 10:55:54.626990
177,1,186,6.56,2026-03-27 11:01:35.474487
178,1,187,14.56,2026-03-27 11:02:11.825014
179,1,188,18.05,2026-03-27 11:14:49.457652
180,1,189,12.77,2026-03-27 10:58:57.160041
181,1,190,25.22,2026-03-27 11:09:18.296020
182,1,191,77.4,2026-03-27 11:41:02.817368
183,1,192,45.19,2026-03-27 11:33:03.626202
184,1,193,44.37,2026-03-27 11:24:12.285231
185,1,194,30.69,2026-03-27 11:23:07.247433
186,1,195,25.13,2026-03-27 11:14:47.811271
187,1,196,62.75,2026-03-27 11:29:48.013269
188,1,197,77.6,2026-03-27 11:45:40.409855
189,1,198,51.37,2026-03-27 11:26:26.625664
190,1,199,32.23,2026-03-27 11:23:54.237544
191,1,200,19.65,2026-03-27 11:15:17.053275
192,1,201,21.04,2026-03-27 11:10:08.549785
193,1,203,63.32,2026-03-27 11:46:02.829470
194,1,204,15.55,2026-03-27 11:23:37.011483
195,1,205,71.81,2026-03-27 11:40:56.213880
196,1,206,42.78,2026-03-27 11:49:05.062616
197,1,207,49.67,2026-03-27 11:40:35.480468
198,1,208,24.33,2026-03-27 11:30:26.621769
199,1,209,19.05,2026-03-27 11:21:22.947919
200,1,210,43.86,2026-03-27 11:34:35.435846
201,1,211,24.53,2026-03-27 11:30:02.511897
202,1,212,30.03,2026-03-27 11:26:10.328136
203,1,213,67.84,2026-03-27 11:48:47.365131
204,1,214,41.39,2026-03-27 11:22:56.925881
205,1,215,10.46,2026-03-27 11:21:59.919970
206,1,216,15.42,2026-03-27 11:23:21.466460
207,1,217,46.18,2026-03-27 11:34:55.052885
208,1,218,25.95,2026-03-27 11:23:27.000921
209,1,220,11.06,2026-03-27 11:38:53.822807
210,1,222,32.22,2026-03-27 11:37:28.223467
211,1,224,15.77,2026-03-27 11:22:25.448678
212,1,225,36.81,2026-03-27 11:57:55.335254
213,1,226,13.75,2026-03-27 11:43:10.686427
214,1,227,27.52,2026-03-27 11:36:05.208333
215,1,228,76.0,2026-03-27 12:00:21.065149
216,1,229,21.45,2026-03-27 11:40:27.598014
217,1,230,20.91,2026-03-27 11:40:28.951706
218,1,231,45.36,2026-03-27 11:43:06.312293
219,1,232,13.76,2026-03-27 11:37:02.588485
220,1,233,30.42,2026-03-27 11:41:06.092584
221,1,234,7.48,2026-03-27 11:36:16.942189
222,1,235,53.55,2026-03-27 12:02:29.025335
223,1,236,26.23,2026-03-27 11:44:37.233867
224,1,237,39.79,2026-03-27 11:59:50.270031
225,1,238,60.16,2026-03-27 12:04:39.370794
226,1,239,20.96,2026-03-27 11:34:27.050999
227,1,241,59.66,2026-03-27 11:52:29.818574
228,1,242,50.88,2026-03-27 12:02:06.300059
229,1,243,9.55,2026-03-27 11:38:00.833107
230,1,244,26.94,2026-03-27 11:36:22.530599
231,1,245,15.25,2026-03-27 11:50:15.775149
232,1,246,43.96,2026-03-27 12:07:18.283631
233,1,247,81.12,2026-03-27 12:22:06.542437
234,1,248,63.65,2026-03-27 12:17:36.730417
235,1,249,48.28,2026-03-27 12:11:30.510577
236,1,250,31.79,2026-03-27 11:54:14.307383
237,1,251,31.91,2026-03-27 12:07:49.772782
238,1,252,22.96,2026-03-27 11:47:06.276116
239,1,253,34.82,2026-03-27 11:40:25.638144
240,1,254,7.67,2026-03-27 11:42:40.156346
241,1,255,66.68,2026-03-27 12:05:24.694769
242,1,256,23.33,2026-03-27 11:48:49.873479
243,1,257,18.73,2026-03-27 11:54:27.908334
244,1,259,103.69,2026-03-27 12:15:47.367098
245,1,260,42.69,2026-03-27 12:02:26.966483
246,1,261,12.47,2026-03-27 11:45:02.086595
247,1,262,84.99,2026-03-27 12:24:47.319017
248,1,263,37.49,2026-03-27 12:12:08.697471
249,1,264,19.46,2026-03-27 11:59:34.430266
250,1,265,7.48,2026-03-27 11:57:08.815103
251,1,266,23.52,2026-03-27 11:59:36.889425
252,1,267,66.94,2026-03-27 12:19:39.202622
253,1,268,54.45,2026-03-27 12:00:07.778456
254,1,269,23.25,2026-03-27 12:06:09.615463
255,1,270,8.48,2026-03-27 12:02:15.389544
256,1,271,24.34,2026-03-27 12:08:46.813368
257,1,272,35.18,2026-03-27 12:18:28.696936
258,1,273,8.48,2026-03-27 11:59:24.854041
259,1,274,82.66,2026-03-27 12:22:42.443264
260,1,275,14.05,2026-03-27 12:18:32.306288
261,1,276,16.76,2026-03-27 12:05:10.832249
262,1,277,55.22,2026-03-27 12:30:36.725342
263,1,278,18.23,2026-03-27 12:23:19.526034
264,1,280,45.5,2026-03-27 12:09:54.473968
265,1,281,32.29,2026-03-27 12:36:16.423142
266,1,282,34.69,2026-03-27 12:14:48.777028
267,1,283,48.2,2026-03-27 12:10:47.614177
268,1,284,51.57,2026-03-27 12:10:58.110497
269,1,285,19.27,2026-03-27 12:09:44.832663
270,1,286,35.81,2026-03-27 12:15:30.838958
271,1,287,93.46,2026-03-27 12:51:40.867826
272,1,288,8.27,2026-03-27 12:13:13.061727
273,1,289,19.86,2026-03-27 12:03:58.582693
274,1,290,20.73,2026-03-27 12:12:20.064372
275,1,291,28.03,2026-03-27 12:30:34.376252
276,1,292,3.98,2026-03-27 12:10:21.221437
277,1,293,18.47,2026-03-27 12:17:15.684185
278,1,294,45.07,2026-03-27 12:48:22.084841
279,1,295,13.76,2026-03-27 12:19:33.460227
280,1,296,46.88,2026-03-27 12:38:40.921615
281,1,297,14.45,2026-03-27 12:23:07.486370
282,1,298,38.5,2026-03-27 12:37:18.688698
283,1,299,16.45,2026-03-27 12:22:09.741526
284,1,300,67.03,2026-03-27 13:02:23.990902
285,1,301,33.38,2026-03-27 12:32:47.733743
286,1,302,40.18,2026-03-27 12:36:00.583732
287,1,303,17.85,2026-03-27 12:22:52.755490
288,1,304,30.0,2026-03-27 12:27:49.248335
289,1,305,67.23,2026-03-27 12:42:40.084830
290,1,306,31.23,2026-03-27 12:29:06.143921
291,1,307,17.25,2026-03-27 12:42:13.029834
292,1,308,54.55,2026-03-27 12:54:01.649753
293,1,309,70.47,2026-03-27 12:56:33.071555
294,1,310,5.49,2026-03-27 12:17:29.338792
295,1,311,17.44,2026-03-27 12:33:00.975583
296,1,312,30.51,2026-03-27 12:40:54.285552
297,1,313,42.86,2026-03-27 13:01:08.162534
298,1,314,41.11,2026-03-27 12:40:33.252052
299,1,315,23.34,2026-03-27 12:26:00.892274
300,1,316,23.15,2026-03-27 12:46:16.197819
301,1,317,45.49,2026-03-27 12:51:48.298561
302,1,318,62.15,2026-03-27 13:07:33.911831
303,1,319,48.17,2026-03-27 12:53:47.878664
304,1,320,31.9,2026-03-27 13:06:31.405211
305,1,321,20.75,2026-03-27 12:29:55.856656
306,1,322,30.93,2026-03-27 12:38:09.652476
307,1,323,22.54,2026-03-27 12:45:17.562090
308,1,324,47.49,2026-03-27 13:06:28.547520
309,1,325,11.47,2026-03-27 12:34:04.006271
310,1,327,20.53,2026-03-27 12:38:31.139280
311,1,328,29.63,2026-03-27 12:44:44.378070
312,1,329,22.24,2026-03-27 12:48:53.162791
313,1,330,86.17,2026-03-27 13:01:14.329036
314,1,331,70.53,2026-03-27 13:07:30.711495
315,1,332,14.96,2026-03-27 12:38:17.148257
316,1,333,26.23,2026-03-27 12:49:21.892416
317,1,334,21.02,2026-03-27 12:47:57.660164
318,1,335,13.48,2026-03-27 12:33:32.879089
319,1,336,2.78,2026-03-27 12:31:53.931690
320,1,337,19.25,2026-03-27 12:44:06.434962
321,1,338,41.09,2026-03-27 13:06:02.618678
322,1,339,22.43,2026-03-27 12:52:10.813645
323,1,340,12.23,2026-03-27 12:44:34.695418
324,1,341,27.71,2026-03-27 13:11:42.892245
325,1,342,24.82,2026-03-27 12:55:33.435607
326,1,344,44.76,2026-03-27 13:02:58.623113
327,1,345,28.93,2026-03-27 12:55:08.728017
328,1,346,73.03,2026-03-27 13:03:56.982806
329,1,347,24.12,2026-03-27 12:54:10.405078
330,1,348,18.44,2026-03-27 12:53:09.924410
331,1,349,24.23,2026-03-27 12:56:38.710537
332,1,350,53.07,2026-03-27 13:07:18.293161
333,1,351,59.5,2026-03-27 13:08:35.581888
334,1,352,15.56,2026-03-27 12:49:31.784522
335,1,353,67.09,2026-03-27 13:00:12.334282
336,1,354,6.76,2026-03-27 12:50:57.069190
337,1,355,85.05,2026-03-27 13:26:11.449241
338,1,356,38.38,2026-03-27 12:56:31.132827
339,1,357,7.47,2026-03-27 12:47:48.946598
340,1,358,29.5,2026-03-27 13:08:15.828620
341,1,359,31.82,2026-03-27 12:50:28.925252
342,1,360,33.1,2026-03-27 13:17:56.902273
343,1,361,13.15,2026-03-27 13:02:39.258731
344,1,362,26.6,2026-03-27 13:07:25.070434
345,1,363,8.56,2026-03-27 12:59:15.796588
346,1,364,28.89,2026-03-27 13:17:53.628557
347,1,365,36.31,2026-03-27 13:12:31.272785
348,1,366,15.45,2026-03-27 12:56:08.107989
349,1,367,11.66,2026-03-27 13:14:03.015693
350,1,368,97.04,2026-03-27 13:33:39.156372
351,1,369,71.68,2026-03-27 13:07:32.823914
352,1,370,66.55,2026-03-27 13:20:10.977993
353,1,371,14.73,2026-03-27 13:00:01.138108
354,1,372,17.56,2026-03-27 12:58:54.389409
355,1,374,28.43,2026-03-27 12:58:56.895759
356,1,375,31.62,2026-03-27 13:04:28.123046
357,1,376,32.3,2026-03-27 13:19:29.777991
358,1,377,43.26,2026-03-27 13:22:31.762870
359,1,378,66.12,2026-03-27 13:30:45.459872
360,1,379,58.56,2026-03-27 13:28:35.038100
361,1,380,27.72,2026-03-27 13:11:10.974453
362,1,381,67.32,2026-03-27 13:29:41.474527
363,1,382,16.45,2026-03-27 13:09:29.299951
364,1,383,27.73,2026-03-27 13:11:00.326666
365,1,384,66.74,2026-03-27 13:25:01.361430
366,1,385,42.99,2026-03-27 13:27:51.910873
367,1,386,68.47,2026-03-27 13:16:28.131122
368,1,387,5.47,2026-03-27 13:02:36.789754
369,1,388,30.1,2026-03-27 13:21:33.655222
370,1,389,32.28,2026-03-27 13:25:38.405771
371,1,390,21.32,2026-03-27 13:22:31.877987
372,1,391,29.02,2026-03-27 13:22:56.096500
373,1,392,16.43,2026-03-27 13:08:58.165942
374,1,393,33.79,2026-03-27 13:21:51.228790
375,1,394,41.77,2026-03-27 13:36:55.574054
376,1,395,24.63,2026-03-27 13:10:10.954521
377,1,396,38.01,2026-03-27 13:26:48.180030
378,1,397,50.46,2026-03-27 13:37:45.848769
379,1,398,37.79,2026-03-27 13:37:33.633148
380,1,399,73.98,2026-03-27 13:31:49.559784
381,1,400,13.85,2026-03-27 13:10:57.781744
382,1,401,70.15,2026-03-27 13:36:46.208945
383,1,402,17.95,2026-03-27 13:10:18.851150
384,1,403,65.24,2026-03-27 13:36:05.332926
385,1,404,36.29,2026-03-27 13:29:04.998589
386,1,405,41.25,2026-03-27 13:37:58.589484
387,1,406,26.46,2026-03-27 13:09:55.860451
388,1,407,15.94,2026-03-27 13:22:43.804154
389,1,408,64.66,2026-03-27 13:24:42.391607
390,1,409,42.26,2026-03-27 13:20:06.942083
391,1,410,41.21,2026-03-27 13:28:17.640495
392,1,411,77.32,2026-03-27 13:40:02.587228
393,1,412,20.03,2026-03-27 13:31:46.407389
394,1,413,21.91,2026-03-27 13:35:23.345886
395,1,414,29.53,2026-03-27 13:16:05.640290
396,1,415,28.31,2026-03-27 13:30:10.907704
397,1,416,14.97,2026-03-27 13:21:55.890458
398,1,417,15.64,2026-03-27 13:33:06.566216
399,1,418,17.06,2026-03-27 13:41:50.393716
400,1,419,27.0,2026-03-27 13:51:01.126804
401,1,420,64.38,2026-03-27 13:46:42.933626
402,1,421,16.27,2026-03-27 13:25:04.882109
403,1,422,28.2,2026-03-27 13:44:24.497013
404,1,423,6.48,2026-03-27 13:32:52.378213
405,1,424,41.47,2026-03-27 13:53:46.811959
406,1,425,37.19,2026-03-27 13:37:04.629182
407,1,426,49.79,2026-03-27 13:50:49.016519
408,1,427,20.95,2026-03-27 13:34:54.950660
409,1,428,59.38,2026-03-27 13:40:01.343172
410,1,429,30.1,2026-03-27 13:42:13.417422
411,1,430,58.96,2026-03-27 13:56:26.795432
412,1,431,28.43,2026-03-27 13:36:25.888583
413,1,432,12.26,2026-03-27 13:46:02.975062
414,1,433,70.5,2026-03-27 14:06:21.775381
415,1,434,58.45,2026-03-27 14:04:19.147709
416,1,435,119.59,2026-03-27 14:13:18.847913
417,1,437,5.48,2026-03-27 13:42:11.343881
418,1,438,71.83,2026-03-27 14:14:11.261472
419,1,439,18.34,2026-03-27 13:53:17.178785
420,1,440,40.72,2026-03-27 13:44:55.157740
421,1,441,28.33,2026-03-27 13:54:18.023573
422,1,443,12.96,2026-03-27 13:57:59.824137
423,1,444,53.44,2026-03-27 14:17:09.629744
424,1,445,2.99,2026-03-27 13:40:26.339016
425,1,446,11.77,2026-03-27 13:39:15.511237
426,1,447,31.03,2026-03-27 13:44:15.767580
427,1,448,6.48,2026-03-27 13:44:17.353317
428,1,449,14.46,2026-03-27 13:46:08.142396
429,1,450,40.7,2026-03-27 14:08:57.927133
430,1,451,43.62,2026-03-27 13:51:44.606617
431,1,452,62.35,2026-03-27 14:06:23.763255
432,1,453,54.28,2026-03-27 13:55:07.935352
433,1,454,29.49,2026-03-27 13:55:50.437934
434,1,456,15.48,2026-03-27 13:52:25.734470
435,1,457,13.26,2026-03-27 13:52:35.438433
436,1,459,10.64,2026-03-27 13:49:52.174406
437,1,460,56.27,2026-03-27 14:23:06.852018
438,1,461,103.5,2026-03-27 14:27:26.064874
439,1,462,29.51,2026-03-27 14:18:33.629370
440,1,463,32.95,2026-03-27 14:12:20.357282
441,1,464,33.82,2026-03-27 14:05:35.032835
442,1,465,56.64,2026-03-27 14:26:26.157977
443,1,467,11.87,2026-03-27 13:51:02.865630
444,1,468,34.51,2026-03-27 14:30:03.195540
445,1,469,49.57,2026-03-27 14:23:01.177844
446,1,470,51.78,2026-03-27 14:10:59.575073
447,1,471,8.47,2026-03-27 13:58:58.739206
448,1,472,40.29,2026-03-27 14:34:17.037750
449,1,473,14.65,2026-03-27 14:11:47.069653
450,1,474,11.95,2026-03-27 14:19:01.636213
451,1,475,102.22,2026-03-27 14:41:32.486778
452,1,476,34.29,2026-03-27 14:25:45.193176
453,1,477,17.94,2026-03-27 14:10:32.272485
454,1,478,25.73,2026-03-27 14:28:13.671399
455,1,479,33.83,2026-03-27 14:07:49.233205
456,1,480,12.95,2026-03-27 14:10:19.688989
457,1,481,7.58,2026-03-27 14:13:56.951522
458,1,482,52.91,2026-03-27 14:20:06.432300
459,1,483,35.8,2026-03-27 14:18:04.977947
460,1,484,45.27,2026-03-27 14:54:53.587563
461,1,485,7.47,2026-03-27 14:15:17.112614
462,1,486,32.71,2026-03-27 14:20:04.931138
463,1,487,60.27,2026-03-27 14:25:26.616892
464,1,488,75.73,2026-03-27 14:27:00.255620
465,1,489,20.25,2026-03-27 14:27:02.320473
466,1,490,14.76,2026-03-27 14:15:05.207418
467,1,491,39.3,2026-03-27 14:40:11.271546
468,1,492,6.78,2026-03-27 14:10:38.231463
469,1,493,48.45,2026-03-27 14:26:21.734442
470,1,494,99.81,2026-03-27 14:55:27.493113
471,1,495,12.06,2026-03-27 14:39:50.353077
472,1,496,46.89,2026-03-27 14:26:59.437037
473,1,497,12.66,2026-03-27 14:30:38.769067
474,1,498,14.35,2026-03-27 14:39:38.063379
475,1,499,46.37,2026-03-27 14:57:12.507538
476,1,500,15.46,2026-03-27 14:30:55.849542
477,1,501,24.41,2026-03-27 14:43:30.417617
478,1,502,23.61,2026-03-27 14:41:58.032741
479,1,503,28.52,2026-03-27 14:30:50.681486
480,1,504,78.52,2026-03-27 15:00:48.637077
481,1,505,22.46,2026-03-27 14:52:01.692643
482,1,506,52.74,2026-03-27 15:06:13.109342
483,1,507,61.32,2026-03-27 15:09:33.173120
484,1,508,6.98,2026-03-27 14:36:50.691859
485,1,509,17.24,2026-03-27 14:47:46.953866
486,1,511,34.71,2026-03-27 15:05:51.070883
487,1,512,6.78,2026-03-27 14:48:08.945139
488,1,513,10.56,2026-03-27 15:01:32.286459
489,1,514,18.52,2026-03-27 14:49:27.767388
490,1,515,24.34,2026-03-27 14:54:13.541889
491,1,516,44.98,2026-03-27 15:12:22.102429
492,1,517,24.96,2026-03-27 14:51:26.675827
493,1,518,97.82,2026-03-27 15:31:06.799844
494,1,519,7.47,2026-03-27 14:54:06.728878
495,1,520,22.45,2026-03-27 14:53:19.035775
496,1,521,39.41,2026-03-27 14:56:06.545331
497,1,522,24.54,2026-03-27 15:09:07.398176
498,1,523,66.72,2026-03-27 15:33:35.238304
499,1,524,44.22,2026-03-27 15:09:35.466363
500,1,525,3.28,2026-03-27 14:50:34.464686
501,1,526,93.39,2026-03-27 15:30:39.896205
502,1,527,18.95,2026-03-27 14:57:41.325096
503,1,528,24.55,2026-03-27 15:08:18.575624
504,1,529,45.07,2026-03-27 15:10:30.299530
505,1,530,8.78,2026-03-27 15:00:03.907981
506,1,531,46.45,2026-03-27 15:19:30.856618
507,1,532,26.33,2026-03-27 15:01:55.994591
508,1,533,72.05,2026-03-27 15:29:54.287304
509,1,534,52.58,2026-03-27 15:25:45.316413
510,1,535,73.4,2026-03-27 15:26:07.809223
511,1,536,28.51,2026-03-27 15:06:03.369369
512,1,537,49.89,2026-03-27 15:25:32.024660
513,1,538,69.04,2026-03-27 15:29:52.459537
514,1,539,35.0,2026-03-27 15:13:51.703482
515,1,540,16.65,2026-03-27 15:16:47.659653
516,1,541,23.25,2026-03-27 15:07:30.156157
517,1,544,61.97,2026-03-27 15:29:28.299855
518,1,545,38.1,2026-03-27 15:27:41.717499
519,1,546,34.44,2026-03-27 15:14:14.344157
520,1,547,17.73,2026-03-27 15:26:42.054972
521,1,548,21.93,2026-03-27 15:32:46.253507
522,1,549,16.65,2026-03-27 15:26:59.059715
523,1,550,18.94,2026-03-27 15:34:28.395462
524,1,551,28.73,2026-03-27 15:34:20.814057
525,1,552,36.38,2026-03-27 15:49:34.850786
526,1,553,3.87,2026-03-27 15:22:06.921889
527,1,555,34.8,2026-03-27 15:33:36.064833
528,1,556,5.96,2026-03-27 15:31:19.589293
529,1,557,43.97,2026-03-27 15:41:09.123771
530,1,558,17.44,2026-03-27 15:35:21.367386
531,1,559,54.55,2026-03-27 15:41:49.752421
532,1,560,20.06,2026-03-27 15:42:11.376349
533,1,561,59.71,2026-03-27 15:59:39.004762
534,1,562,48.2,2026-03-27 15:46:54.159999
535,1,563,11.77,2026-03-27 15:38:24.863284
536,1,564,54.76,2026-03-27 15:53:34.003411
537,1,565,30.22,2026-03-27 15:48:50.017240
538,1,566,67.01,2026-03-27 16:16:47.967658
539,1,567,43.06,2026-03-27 15:55:22.466152
540,1,568,67.8,2026-03-27 16:00:48.781616
541,1,569,5.78,2026-03-27 15:44:06.794863
542,1,570,64.32,2026-03-27 16:18:13.195852
543,1,571,7.98,2026-03-27 15:40:18.562192
544,1,572,18.23,2026-03-27 16:03:16.738925
545,1,573,31.79,2026-03-27 16:08:39.209447
546,1,574,88.7,2026-03-27 16:30:04.783709
547,1,575,27.92,2026-03-27 15:58:17.562037
548,1,577,49.21,2026-03-27 15:59:12.296796
549,1,578,6.49,2026-03-27 15:43:34.714454
550,1,579,16.75,2026-03-27 15:55:57.426866
551,1,580,37.89,2026-03-27 16:04:50.703401
552,1,581,49.17,2026-03-27 16:20:30.100099
553,1,582,48.18,2026-03-27 16:26:32.776844
554,1,583,42.71,2026-03-27 16:18:59.277341
555,1,584,16.63,2026-03-27 16:11:48.240849
556,1,585,60.72,2026-03-27 16:22:11.059246
557,1,586,29.63,2026-03-27 15:57:16.725623
558,1,587,26.73,2026-03-27 16:07:45.297368
559,1,588,45.36,2026-03-27 16:18:20.637784
560,1,589,30.31,2026-03-27 16:16:31.425803
561,1,590,16.96,2026-03-27 16:02:41.707637
562,1,591,13.55,2026-03-27 16:08:27.358995
563,1,592,28.44,2026-03-27 16:05:57.433209
564,1,593,34.72,2026-03-27 16:06:49.521267
565,1,594,5.78,2026-03-27 16:08:36.280730
566,1,595,17.46,2026-03-27 16:12:31.504233
567,1,596,11.77,2026-03-27 16:09:12.941636
568,1,597,28.8,2026-03-27 16:22:00.620817
569,1,598,115.73,2026-03-27 16:53:57.028544
570,1,599,51.65,2026-03-27 16:41:16.476908
571,1,600,67.84,2026-03-27 16:44:02.746886
572,1,601,60.96,2026-03-27 16:24:41.882402
573,1,602,29.23,2026-03-27 16:34:07.668967
574,1,603,51.75,2026-03-27 16:49:33.909644
575,1,604,15.94,2026-03-27 16:25:09.749349
576,1,605,44.0,2026-03-27 16:27:41.499190
577,1,606,75.87,2026-03-27 16:52:46.656844
578,1,607,46.16,2026-03-27 16:42:07.678501
579,1,608,44.48,2026-03-27 16:57:47.363193
580,1,609,44.76,2026-03-27 16:47:28.670482
581,1,610,51.26,2026-03-27 17:00:04.727509
582,1,611,32.4,2026-03-27 16:39:40.150884
583,1,612,14.77,2026-03-27 16:26:56.781318
584,1,613,27.41,2026-03-27 16:46:55.642858
585,1,614,22.95,2026-03-27 16:28:34.304871
586,1,615,22.96,2026-03-27 16:23:27.175938
587,1,616,36.07,2026-03-27 16:54:07.210725
588,1,617,33.52,2026-03-27 16:40:44.425332
589,1,618,80.81,2026-03-27 16:53:29.810473
590,1,619,4.28,2026-03-27 16:32:19.900921
591,1,620,17.06,2026-03-27 16:48:21.416571
592,1,621,32.7,2026-03-27 16:46:49.902677
593,1,622,39.78,2026-03-27 16:47:00.864491
594,1,623,32.9,2026-03-27 16:43:31.595369
595,1,626,47.88,2026-03-27 17:01:51.114658
596,1,627,48.6,2026-03-27 16:55:33.780172
597,1,628,18.84,2026-03-27 16:48:56.244420
598,1,629,22.22,2026-03-27 16:59:58.457558
599,1,630,34.78,2026-03-27 16:52:13.391082
600,1,631,44.78,2026-03-27 17:04:54.671180
601,1,632,37.6,2026-03-27 16:59:53.281347
602,1,633,74.35,2026-03-27 16:55:18.409284
603,1,634,23.82,2026-03-27 16:56:10.037593
604,1,635,34.18,2026-03-27 16:54:51.788289
605,1,636,49.77,2026-03-27 16:54:08.369714
606,1,637,40.5,2026-03-27 17:12:21.095289
607,1,638,19.55,2026-03-27 16:59:31.852009
608,1,639,6.78,2026-03-27 16:49:04.119974
609,1,640,69.62,2026-03-27 17:27:30.291185
610,1,641,12.56,2026-03-27 16:53:48.610341
611,1,642,42.79,2026-03-27 17:01:14.816110
612,1,643,33.72,2026-03-27 17:02:00.100650
613,1,644,47.09,2026-03-27 17:21:04.085695
614,1,645,32.82,2026-03-27 16:49:53.360198
615,1,646,58.48,2026-03-27 17:11:07.133376
616,1,648,88.27,2026-03-27 17:21:22.642632
617,1,649,79.31,2026-03-27 17:23:18.696557
618,1,650,57.66,2026-03-27 17:21:16.436806
619,1,651,3.49,2026-03-27 16:52:51.351343
620,1,652,65.32,2026-03-27 17:23:59.381935
621,1,653,18.95,2026-03-27 17:19:09.533063
622,1,654,59.36,2026-03-27 17:18:46.677128
623,1,655,45.36,2026-03-27 17:27:53.984657
624,1,656,49.69,2026-03-27 17:17:18.364217
625,1,657,46.85,2026-03-27 17:37:57.016245
626,1,659,45.19,2026-03-27 17:14:43.725250
627,1,660,31.6,2026-03-27 17:19:19.002735
628,1,661,25.5,2026-03-27 17:21:56.981640
629,1,662,28.94,2026-03-27 17:08:44.034901
630,1,663,2.68,2026-03-27 17:06:37.308979
631,1,664,40.3,2026-03-27 17:15:49.650889
632,1,665,44.31,2026-03-27 17:26:09.111520
633,1,666,10.47,2026-03-27 17:03:27.398319
634,1,667,71.71,2026-03-27 17:49:14.253669
635,1,668,40.0,2026-03-27 17:20:17.315683
636,1,669,24.62,2026-03-27 17:22:07.051371
637,1,670,14.95,2026-03-27 17:15:28.372920
638,1,671,15.25,2026-03-27 17:23:05.544134
639,1,673,23.23,2026-03-27 17:23:47.435712
640,1,674,4.49,2026-03-27 17:08:06.579588
641,1,675,18.76,2026-03-27 17:17:28.053747
642,1,676,16.14,2026-03-27 17:14:24.096901
643,1,677,6.98,2026-03-27 17:19:27.151402
644,1,678,32.62,2026-03-27 17:34:14.262958
645,1,679,38.66,2026-03-27 17:54:28.485001
646,1,680,42.68,2026-03-27 17:44:41.386586
647,1,681,31.94,2026-03-27 17:19:16.103813
648,1,682,47.49,2026-03-27 17:42:21.714659
649,1,683,37.1,2026-03-27 17:37:43.625570
650,1,684,23.45,2026-03-27 17:36:01.611471
651,1,685,15.97,2026-03-27 17:23:15.544078
652,1,686,57.14,2026-03-27 18:00:13.610889
653,1,687,41.78,2026-03-27 18:00:40.891643
654,1,688,48.67,2026-03-27 17:32:21.271335
655,1,689,72.43,2026-03-27 18:03:25.674326
656,1,690,49.98,2026-03-27 17:55:10.763582
657,1,691,33.6,2026-03-27 17:52:27.260457
658,1,692,73.4,2026-03-27 18:06:22.228580
659,1,693,11.38,2026-03-27 17:28:04.776455
660,1,694,37.48,2026-03-27 17:51:22.427389
661,1,695,34.62,2026-03-27 17:36:00.419187
662,1,696,29.23,2026-03-27 17:31:41.992258
663,1,697,54.08,2026-03-27 17:53:10.062586
664,1,698,61.47,2026-03-27 17:43:23.183773
665,1,699,87.05,2026-03-27 18:08:22.913268
666,1,700,15.46,2026-03-27 17:26:08.389740
667,1,701,17.47,2026-03-27 17:37:20.072805
668,1,702,27.02,2026-03-27 18:03:10.030918
669,1,703,22.55,2026-03-27 17:45:11.919562
670,1,704,43.0,2026-03-27 17:56:03.558140
671,1,706,17.25,2026-03-27 17:53:15.142986
672,1,707,39.88,2026-03-27 17:44:18.437244
673,1,709,8.95,2026-03-27 17:41:06.222272
674,1,710,22.43,2026-03-27 17:51:46.255358
675,1,711,19.86,2026-03-27 17:42:20.431412
676,1,712,39.8,2026-03-27 17:53:09.019232
677,1,713,18.76,2026-03-27 17:50:03.001943
678,1,714,48.99,2026-03-27 17:56:44.453167
679,1,715,4.49,2026-03-27 17:40:59.240720
680,1,716,21.24,2026-03-27 17:48:58.349877
681,1,717,59.16,2026-03-27 18:11:49.051639
682,1,718,30.49,2026-03-27 18:01:47.843734
683,1,719,59.4,2026-03-27 18:09:38.692698
684,1,720,56.07,2026-03-27 18:02:12.321016
685,1,721,60.2,2026-03-27 18:15:48.073696
686,1,722,8.47,2026-03-27 17:53:17.597743
687,1,723,26.0,2026-03-27 17:57:21.415953
688,1,724,8.26,2026-03-27 17:53:32.592394
689,1,725,39.89,2026-03-27 18:02:49.699999
690,1,726,59.06,2026-03-27 18:09:40.342222
691,1,727,44.46,2026-03-27 18:00:35.310750
692,1,728,43.2,2026-03-27 18:02:43.135465
693,1,729,28.62,2026-03-27 18:09:19.969325
694,1,730,10.98,2026-03-27 17:57:06.231888
695,1,733,57.01,2026-03-27 18:14:54.494367
696,1,734,55.88,2026-03-27 18:17:22.520801
697,1,735,19.23,2026-03-27 18:04:07.184862
698,1,736,26.34,2026-03-27 17:53:14.927597
699,1,737,38.92,2026-03-27 18:00:58.550881
700,1,738,28.13,2026-03-27 17:58:21.592104
701,1,739,72.09,2026-03-27 18:21:02.284090
702,1,740,26.24,2026-03-27 17:56:25.511043
703,1,743,48.69,2026-03-27 18:11:02.015909
704,1,744,23.73,2026-03-27 18:05:12.773607
705,1,745,11.97,2026-03-27 17:58:33.780710
706,1,746,35.91,2026-03-27 18:06:24.122757
707,1,747,40.19,2026-03-27 18:15:57.828538
708,1,748,41.78,2026-03-27 18:21:31.816945
709,1,749,34.68,2026-03-27 18:10:00.529797
710,1,750,80.6,2026-03-27 18:31:37.196618
711,1,751,17.55,2026-03-27 18:17:46.142802
712,1,752,56.74,2026-03-27 18:35:06.578656
713,1,753,36.58,2026-03-27 18:31:37.151241
714,1,754,57.26,2026-03-27 18:25:13.696284
715,1,755,10.47,2026-03-27 18:02:12.988132
716,1,756,45.46,2026-03-27 18:22:54.041821
717,1,757,54.56,2026-03-27 18:36:48.765414
718,1,758,45.69,2026-03-27 18:12:43.273060
719,1,759,57.42,2026-03-27 18:27:00.292011
720,1,760,40.18,2026-03-27 18:31:15.457614
721,1,761,21.46,2026-03-27 18:04:36.330777
722,1,762,34.39,2026-03-27 18:16:18.135791
723,1,763,24.51,2026-03-27 18:19:20.694218
724,1,764,41.0,2026-03-27 18:08:22.588953
725,1,765,41.78,2026-03-27 18:34:06.369412
726,1,766,84.64,2026-03-27 18:20:46.202403
727,1,767,10.98,2026-03-27 18:09:53.568742
728,1,768,21.84,2026-03-27 18:18:51.430076
729,1,769,54.66,2026-03-27 18:37:45.277778
730,1,770,25.81,2026-03-27 18:17:26.345272
731,1,771,65.31,2026-03-27 18:51:20.802016
732,1,772,57.17,2026-03-27 18:35:59.878027
733,1,774,18.96,2026-03-27 18:15:49.455325
734,1,775,31.11,2026-03-27 18:26:30.657291
735,1,776,97.06,2026-03-27 18:53:36.968050
736,1,777,38.19,2026-03-27 18:35:16.537551
737,1,778,52.83,2026-03-27 18:50:32.997383
738,1,779,32.02,2026-03-27 18:33:14.930538
739,1,780,58.14,2026-03-27 18:39:50.140030
740,1,781,50.76,2026-03-27 18:46:23.819341
741,1,782,67.31,2026-03-27 18:38:09.849466
742,1,783,12.27,2026-03-27 18:13:48.912618
743,1,784,70.61,2026-03-27 18:41:40.983095
744,1,785,34.97,2026-03-27 18:41:56.332616
745,1,786,70.54,2026-03-27 18:42:29.003275
746,1,787,47.56,2026-03-27 18:53:49.625853
747,1,788,6.98,2026-03-27 18:24:05.903985
748,1,789,59.49,2026-03-27 18:44:04.570636
749,1,790,21.13,2026-03-27 18:30:51.394237
750,1,791,28.44,2026-03-27 18:22:05.959497
751,1,792,24.82,2026-03-27 18:30:29.662003
752,1,793,78.04,2026-03-27 18:53:08.876479
753,1,794,54.48,2026-03-27 18:49:03.867763
754,1,795,6.36,2026-03-27 18:23:14.102268
755,1,796,23.24,2026-03-27 18:31:30.499109
756,1,797,13.36,2026-03-27 18:33:39.246292
757,1,798,7.49,2026-03-27 18:24:48.225255
758,1,799,43.81,2026-03-27 18:49:43.096976
759,1,800,32.03,2026-03-27 18:39:38.125315
760,1,801,13.36,2026-03-27 18:33:38.417923
761,1,802,10.78,2026-03-27 18:34:23.714770
762,1,803,23.54,2026-03-27 18:51:28.341343
763,1,804,55.23,2026-03-27 18:56:43.348490
764,1,805,31.41,2026-03-27 18:44:34.592562
765,1,806,45.89,2026-03-27 18:47:08.416405
766,1,807,25.04,2026-03-27 18:40:49.718668
767,1,808,7.98,2026-03-27 18:38:18.542718
768,1,809,28.31,2026-03-27 18:48:27.979470
769,1,810,18.26,2026-03-27 18:42:28.858702
770,1,811,102.47,2026-03-27 19:15:02.874446
771,1,812,46.71,2026-03-27 18:46:38.580915
772,1,813,19.46,2026-03-27 18:42:31.637162
773,1,814,63.13,2026-03-27 19:06:24.971518
774,1,815,9.96,2026-03-27 19:00:48.654547
775,1,817,73.21,2026-03-27 19:09:03.243563
776,1,818,52.75,2026-03-27 19:11:41.795220
777,1,819,73.94,2026-03-27 19:04:35.459909
778,1,820,34.92,2026-03-27 18:41:21.904978
779,1,821,74.84,2026-03-27 19:21:03.504077
780,1,822,72.2,2026-03-27 19:07:10.346852
781,1,823,7.98,2026-03-27 18:43:36.350418
782,1,824,25.13,2026-03-27 18:57:52.386970
783,1,825,35.02,2026-03-27 18:49:50.933432
784,1,826,9.48,2026-03-27 18:48:11.547489
785,1,827,49.96,2026-03-27 19:05:59.017787
786,1,828,75.08,2026-03-27 19:11:19.849963
787,1,829,12.77,2026-03-27 18:41:41.877821
788,1,830,22.23,2026-03-27 18:57:59.447500
789,1,831,32.33,2026-03-27 18:51:44.916906
790,1,832,45.0,2026-03-27 18:59:59.672437
791,1,833,51.36,2026-03-27 19:14:57.768165
792,1,834,35.12,2026-03-27 19:01:39.631219
793,1,835,59.26,2026-03-27 19:01:53.002135
794,1,836,11.84,2026-03-27 18:56:19.363367
795,1,837,30.54,2026-03-27 18:58:09.723855
796,1,838,4.58,2026-03-27 18:55:11.687777
797,1,839,52.94,2026-03-27 19:25:30.346667
798,1,840,35.51,2026-03-27 19:15:56.873547
799,1,841,28.81,2026-03-27 19:13:01.051134
800,1,842,49.48,2026-03-27 19:09:38.529868
801,1,843,39.69,2026-03-27 19:03:11.857847
802,1,844,38.51,2026-03-27 19:26:53.980160
803,1,845,25.74,2026-03-27 19:17:52.951666
804,1,846,33.09,2026-03-27 19:13:12.877178
805,1,847,20.24,2026-03-27 19:10:25.132465
806,1,848,47.96,2026-03-27 19:33:17.434990
807,1,849,14.76,2026-03-27 19:03:41.273839
808,1,850,16.95,2026-03-27 19:05:00.070370
809,1,851,33.08,2026-03-27 19:28:01.520330
810,1,852,22.96,2026-03-27 18:54:52.878932
811,1,853,25.95,2026-03-27 19:19:34.664721
812,1,854,25.22,2026-03-27 19:06:54.519953
813,1,855,57.75,2026-03-27 19:14:39.822622
814,1,856,54.46,2026-03-27 19:37:45.371397
815,1,857,45.89,2026-03-27 19:22:15.453460
816,1,858,14.96,2026-03-27 19:07:37.324416
817,1,859,7.78,2026-03-27 18:58:17.676708
818,1,860,7.78,2026-03-27 18:56:24.021000
819,1,861,54.43,2026-03-27 19:35:01.489627
820,1,862,36.7,2026-03-27 19:14:08.787776
821,1,865,60.24,2026-03-27 19:28:05.213238
822,1,866,26.44,2026-03-27 19:03:45.074157
823,1,867,38.59,2026-03-27 19:18:33.193153
824,1,868,45.29,2026-03-27 19:31:01.631951
825,1,869,39.21,2026-03-27 19:21:29.924584
826,1,870,58.55,2026-03-27 19:35:57.285259
827,1,871,8.78,2026-03-27 19:10:55.387076
828,1,872,24.44,2026-03-27 19:23:02.218582
829,1,873,27.41,2026-03-27 19:28:38.566569
830,1,874,66.32,2026-03-27 19:35:13.899173
831,1,875,73.69,2026-03-27 19:45:30.000579
832,1,876,43.29,2026-03-27 19:20:57.100717
833,1,877,22.35,2026-03-27 19:14:44.974944
834,1,878,11.47,2026-03-27 19:14:19.252922
835,1,879,62.64,2026-03-27 19:38:02.358906
836,1,880,52.66,2026-03-27 19:26:59.744581
837,1,881,38.02,2026-03-27 19:45:51.429444
838,1,882,72.92,2026-03-27 19:45:28.611468
839,1,883,70.0,2026-03-27 19:52:01.038555
840,1,884,40.2,2026-03-27 19:31:38.904128
841,1,885,39.38,2026-03-27 19:39:29.114816
842,1,886,36.44,2026-03-27 19:35:49.356560
843,1,887,13.77,2026-03-27 19:27:59.746172
844,1,888,56.02,2026-03-27 20:06:57.080790
845,1,889,26.95,2026-03-27 19:31:40.405124
846,1,890,17.24,2026-03-27 19:37:18.718462
847,1,891,51.3,2026-03-27 19:43:29.606776
848,1,892,32.92,2026-03-27 19:35:45.141704
849,1,893,23.02,2026-03-27 19:41:13.310420
850,1,895,65.51,2026-03-27 19:54:58.946673
851,1,896,22.95,2026-03-27 19:50:40.704154
852,1,897,95.29,2026-03-27 20:09:29.602697
853,1,898,19.84,2026-03-27 19:34:23.752743
854,1,899,18.56,2026-03-27 19:31:04.736551
855,1,900,55.51,2026-03-27 19:59:17.729120
856,1,902,53.77,2026-03-27 19:51:00.623259
857,1,903,25.64,2026-03-27 19:42:05.743148
858,1,904,26.83,2026-03-27 19:51:55.134051
859,1,905,83.4,2026-03-27 20:00:39.955545
860,1,906,50.77,2026-03-27 20:14:58.766556
861,1,907,18.63,2026-03-27 20:01:49.315228
862,1,908,48.19,2026-03-27 19:48:56.432107
863,1,909,24.46,2026-03-27 20:03:50.012168
864,1,910,16.97,2026-03-27 19:45:32.670373
865,1,911,15.46,2026-03-27 19:42:24.884109
866,1,912,18.97,2026-03-27 19:50:29.756400
867,1,913,19.95,2026-03-27 19:52:04.714362
868,1,914,23.52,2026-03-27 20:05:10.514518
869,1,915,41.09,2026-03-27 20:04:48.117328
870,1,916,27.23,2026-03-27 20:07:03.922259
871,1,917,30.02,2026-03-27 20:04:40.791908
872,1,919,39.09,2026-03-27 19:58:16.006460
873,1,920,15.34,2026-03-27 20:00:20.193360
874,1,921,12.25,2026-03-27 20:03:06.577380
875,1,922,38.2,2026-03-27 20:05:08.537755
876,1,923,46.93,2026-03-27 20:00:19.357679
877,1,924,36.89,2026-03-27 20:14:43.077190
878,1,925,39.91,2026-03-27 20:12:59.453110
879,1,926,42.71,2026-03-27 20:16:35.622411
880,1,927,36.41,2026-03-27 20:08:56.615759
881,1,928,17.05,2026-03-27 20:08:02.708433
882,1,929,22.44,2026-03-27 20:18:49.856218
883,1,930,69.87,2026-03-27 20:17:33.370531
884,1,931,56.88,2026-03-27 20:28:52.150876
885,1,932,43.29,2026-03-27 20:34:06.520186
886,1,933,3.49,2026-03-27 19:56:53.105571
887,1,934,6.98,2026-03-27 19:56:20.546659
888,1,935,39.2,2026-03-27 20:17:41.407825
889,1,936,12.46,2026-03-27 20:10:08.345951
890,1,937,26.7,2026-03-27 20:10:45.890079
891,1,938,61.06,2026-03-27 20:16:25.234526
892,1,939,23.04,2026-03-27 20:21:28.303155
893,1,940,71.29,2026-03-27 20:36:34.373218
894,1,941,60.35,2026-03-27 20:36:24.262518
895,1,942,19.25,2026-03-27 20:25:01.462148
896,1,943,66.71,2026-03-27 20:38:15.328198
897,1,944,19.36,2026-03-27 20:22:29.232646
898,1,945,23.02,2026-03-27 20:28:23.389507
899,1,946,7.48,2026-03-27 20:04:59.181289
900,1,947,11.96,2026-03-27 20:15:17.672099
901,1,948,22.75,2026-03-27 20:30:22.322172
902,1,949,34.51,2026-03-27 20:34:00.371061
903,1,950,40.48,2026-03-27 20:53:18.786307
904,1,951,13.83,2026-03-27 20:20:01.151979
905,1,953,24.34,2026-03-27 20:35:51.763847
906,1,954,12.23,2026-03-27 20:22:58.393209
907,1,955,40.3,2026-03-27 20:30:52.081923
908,1,956,16.06,2026-03-27 20:31:59.161682
909,1,957,76.02,2026-03-27 21:06:17.988902
910,1,958,6.98,2026-03-27 20:28:27.669935
911,1,959,22.05,2026-03-27 20:40:31.293899
912,1,961,54.15,2026-03-27 20:59:33.228214
913,1,962,19.23,2026-03-27 20:54:50.177642
914,1,963,46.01,2026-03-27 20:47:53.383283
915,1,964,62.62,2026-03-27 21:00:15.027051
916,1,965,52.48,2026-03-27 21:02:05.118063
917,1,966,46.68,2026-03-27 20:53:59.945968
918,1,967,33.09,2026-03-27 21:03:24.690857
919,1,968,30.1,2026-03-27 20:51:00.632090
920,1,969,40.29,2026-03-27 20:49:16.823230
921,1,970,30.01,2026-03-27 20:56:29.372094
922,1,971,64.91,2026-03-27 21:11:35.119851
923,1,972,18.54,2026-03-27 21:06:05.983757
924,1,973,49.0,2026-03-27 20:54:16.161127
925,1,974,16.71,2026-03-27 20:48:20.252482
926,1,975,13.77,2026-03-27 20:48:39.354758
927,1,976,48.87,2026-03-27 21:20:46.240130
928,1,977,50.45,2026-03-27 21:27:56.395178
929,1,978,35.37,2026-03-27 21:04:42.037314
930,1,979,74.9,2026-03-27 21:24:24.576003
931,1,980,29.11,2026-03-27 21:08:16.074028
932,1,981,31.92,2026-03-27 21:25:35.419061
933,1,982,64.17,2026-03-27 21:17:19.998330
934,1,983,78.61,2026-03-27 21:51:20.874505
935,1,984,49.03,2026-03-27 21:17:00.251311
936,1,985,73.91,2026-03-27 21:47:03.699925
937,1,986,66.9,2026-03-27 21:38:14.013359
938,1,987,53.06,2026-03-27 21:31:27.618544
939,1,988,63.4,2026-03-27 21:51:09.982273
940,1,989,75.49,2026-03-27 22:00:57.243900
941,1,990,33.7,2026-03-27 21:42:36.238532
942,1,991,47.99,2026-03-27 21:52:28.329168
943,1,992,41.25,2026-03-27 21:47:57.568647
944,1,993,5.27,2026-03-27 21:25:23.774936
945,1,994,57.88,2026-03-27 21:45:13.098821
946,1,996,11.57,2026-03-27 21:46:33.304876
947,1,997,7.78,2026-03-27 21:52:22.830858
948,1,998,16.85,2026-03-27 22:06:06.463278
949,1,999,28.4,2026-03-27 22:12:25.983330
950,1,1000,40.55,2026-03-27 22:38:24.232994
